timestamp,rainfall,water_level,soil_moisture
2025-05-06 11:41:04,3.4586446311170747,46.91728926223415,65.18796694667562
2025-05-06 12:41:04,5.123190555375716,50.24638111075143,67.68478583306357
2025-05-06 13:41:04,4.092352642309765,48.18470528461953,66.13852896346465
2025-05-06 14:41:04,5.823364940421856,51.64672988084371,68.73504741063279
2025-05-06 15:41:04,1.6626615940246188,43.32532318804924,62.493992391036926
2025-05-06 16:41:04,4.027819739376129,48.055639478752255,66.04172960906419
2025-05-06 17:41:04,7.78101095682935,55.5620219136587,71.67151643524403
2025-05-06 18:41:04,2.3258086660835984,44.6516173321672,63.4887129991254
2025-05-06 19:41:04,2.2082402866709594,44.41648057334192,63.312360430006436
2025-05-06 20:41:04,2.077503763535888,44.155007527071774,63.11625564530383
2025-05-06 21:41:04,2.585823302793162,45.171646605586325,63.878734954189746
2025-05-06 22:41:04,7.179240955569956,54.35848191113991,70.76886143335493
2025-05-06 23:41:04,3.702650429744067,47.405300859488136,74.50369861023242
2025-05-07 00:41:04,2.8993380951329666,45.79867619026594,74.57690034982052
2025-05-07 01:41:04,4.821712457428036,49.64342491485607,73.9097446117477
2025-05-07 02:41:04,4.267039054766193,48.53407810953239,74.12855255628318
2025-05-07 03:41:04,11.368905452491123,62.73781090498225,73.66165479058648
2025-05-07 04:41:04,0.8386751898867562,41.677350379773515,76.57352794812643
2025-05-07 05:41:04,5.5136019376386365,51.02720387527727,75.61678458327961
2025-05-07 06:41:04,4.997997317489075,49.995994634978146,74.93656187752241
2025-05-07 07:41:04,3.344109157759667,46.688218315519336,75.73821847294404
2025-05-07 08:41:04,4.810378877844582,49.62075775568916,76.07897913427067
2025-05-07 09:41:04,5.359250030168557,50.718500060337114,76.89884166856326
2025-05-07 10:41:04,1.5134834115345237,43.026966823069046,77.73086968677589
2025-05-07 11:41:04,10.060074205095852,90.89140172299612,76.03114242356526
2025-05-07 12:41:04,2.6354199882142026,94.19211650998551,77.93836955617078
2025-05-07 13:41:04,6.141721071266395,92.94823122640476,77.85919412409515
2025-05-07 14:41:04,2.26984907729126,93.97291544088307,78.25519670824667
2025-05-07 15:41:04,4.734771243437643,92.19615750931777,77.65603971500418
2025-05-07 16:41:04,3.7556401294254558,93.7322123340243,75.66579945228814
2025-05-07 17:41:04,2.80523003168146,93.59612252904896,76.54088893414975
2025-05-07 18:41:04,9.968469956875099,91.10823206647501,75.72837736236261
2025-05-07 19:41:04,9.071688866581475,94.92956271187077,77.21951915417841
2025-05-07 20:41:04,3.146536955884197,98.36128700182603,78.93779306682495
2025-05-07 21:41:04,3.6770697735586144,98.89580359800019,78.43864049023684
2025-05-07 22:41:04,1.004991529490441,99.4414268333829,77.93398641325385
2025-05-07 23:41:04,4.2249379325203416,96.35430212034314,77.78143884864062
2025-05-08 00:41:04,6.086735351828043,96.61544587173128,76.03089796686797
2025-05-08 01:41:04,6.755923964917652,98.20914450007882,77.06629257595213
2025-05-08 02:41:04,3.821952596574463,99.17625025382364,77.25055344404751
2025-05-08 03:41:04,9.204352151712401,98.95370702472775,77.71618449983247
2025-05-08 04:41:04,21.36821513470911,97.8714303743384,79.05705877231489
2025-05-08 05:41:04,2.363302018857512,108.13620034674958,84.3408312739
2025-05-08 06:41:04,3.1258587781386415,106.56105038735902,84.2082528700528
2025-05-08 07:41:04,2.181342992288231,105.62498111768382,82.15546951643186
2025-05-08 08:41:04,7.254732026116698,105.04359803494808,80.0883657541439
2025-05-08 09:41:04,4.166343038388328,106.26577460908413,81.32082427521364
2025-05-08 10:41:04,6.394663979554631,105.66932111319402,81.46760625466256
2025-05-08 11:41:04,2.915491960686766,108.10991139720406,83.08450798968181
2025-05-08 12:41:04,0.8481380284165102,104.53762027499954,82.69167419813175
2025-05-08 13:41:04,1.8790661104703321,103.64397929510068,81.12009500110828
2025-05-08 14:41:04,5.76662368635734,101.51265181470266,79.65703764477408
2025-05-08 15:41:04,5.010792714659036,103.2610391192357,80.24043897170894
2025-05-08 16:41:04,5.318855214354169,103.3990498548464,78.98237114059293
2025-05-08 17:41:04,3.2512470706553187,104.18065739731074,74.16756316448647
2025-05-08 18:41:04,6.386100880474918,104.40366591679768,74.4339466800258
2025-05-08 19:41:04,6.127630490747931,102.61248137859758,75.41201931072669
2025-05-08 20:41:04,9.549860708258855,101.14045219068082,76.5959055602646
2025-05-08 21:41:04,3.6966148476461544,104.34211406686815,77.28444416490724
2025-05-08 22:41:04,5.411426704573444,104.35188660391191,77.14352570768459
2025-05-08 23:41:04,6.22466614242356,106.55510419145341,76.84855452519022
2025-05-09 00:41:04,5.65330930979022,107.55496829640502,77.84130677971126
2025-05-09 01:41:04,4.039905302422628,107.33825527538612,79.28285816412338
2025-05-09 02:41:04,1.4618212670258646,105.9802459441386,79.93110992170907
2025-05-09 03:41:04,1.960327463493134,104.8001802793643,78.63966919590962
2025-05-09 04:41:04,6.500685946098362,101.17816793525466,77.72452962055985
2025-05-09 05:41:04,0.0,93.7444033409493,78.07907884008311
2025-05-09 06:41:04,7.51920932049424,92.56275233152053,77.10370471888652
2025-05-09 07:41:04,7.144218714359564,94.75942760269834,77.44363725089232
2025-05-09 08:41:04,6.653539727278105,97.240865463734,77.74861371797581
2025-05-09 09:41:04,3.683143454466673,96.94026931431469,76.87971742368158
2025-05-09 10:41:04,1.9480010540359234,96.69866952235387,76.87567600572774
2025-05-09 11:41:04,3.0574688609802267,94.47533805959452,75.83664831056647
2025-05-09 12:41:04,2.726184689042259,94.54632650974125,74.88648912613348
2025-05-09 13:41:04,7.764088069063239,95.48534984005411,74.00835173990909
2025-05-09 14:41:04,6.478222952629668,98.42786081935057,75.12560656990128
2025-05-09 15:41:04,8.105959839462294,98.78366045248674,76.63052707558242
2025-05-09 16:41:04,5.292190028553048,100.33124401488837,78.47421678837317
2025-05-09 17:41:04,4.898500651048879,100.3179114219878,78.11166801310958
2025-05-09 18:41:04,3.9035705169403023,101.1415382121846,79.58121820842423
2025-05-09 19:41:04,8.562447651139562,99.90027303041728,78.49652656735805
2025-05-09 20:41:04,2.2610100102199047,101.11768161061309,78.92199524839205
2025-05-09 21:41:04,4.7077666099980995,97.47325626159363,77.6042363332746
2025-05-09 22:41:04,5.380509827103049,97.9788321427696,77.91162327993402
2025-05-09 23:41:04,7.388930473469744,97.9633737040344,78.94137591185415
2025-05-10 00:41:04,6.441188399047414,98.5455058695575,80.24081439560102
2025-05-10 01:41:04,8.819243764329704,98.93944541418611,81.35531550860256
2025-05-10 02:41:04,13.7638519971857,101.32911464513964,81.6718622171825
2025-05-10 03:41:04,4.950145658868209,107.48013001021955,83.85755093054931
2025-05-10 04:41:04,3.7460696564395537,108.9750391079071,82.91080667637108
2025-05-10 05:41:04,9.299475870642217,107.59773096307768,82.44697056473703
2025-05-10 06:41:04,5.140815105712305,112.2474688983988,83.76726313061504
2025-05-10 07:41:04,3.3580525357384463,111.05827179100783,84.13843650724664
2025-05-10 08:41:04,4.561351223075855,109.16518870169726,82.57711797262631
2025-05-10 09:41:04,5.424745642595422,108.11909444959613,83.26722033648309
2025-05-10 10:41:04,3.781817466573389,108.98989554366051,83.48231404626229
2025-05-10 11:41:04,7.074389969700907,109.90680374992924,83.00270633810338
2025-05-10 12:41:04,5.4984752973931394,111.9152643042896,82.90834418697273
2025-05-10 13:41:04,2.486435947188053,113.30140960846504,82.62553025647645
2025-05-10 14:41:04,10.432017385379659,110.66258354752743,80.72568791133395
2025-05-10 15:41:04,10.882913234146692,112.63948076390243,79.72613752779215
2025-05-10 16:41:04,3.3711872749005196,114.02795746124463,81.50596780037569
2025-05-10 17:41:04,1.7143707981075096,113.06745608441835,81.39350308591398
2025-05-10 18:41:04,7.815424304157437,111.47539115794768,79.11797156415358
2025-05-10 19:41:04,7.976711584625608,113.43131805155625,79.9203543236871
2025-05-10 20:41:04,16.83925119781557,113.13845001829927,81.30595203835325
2025-05-10 21:41:04,3.1319554742690414,120.0,84.98932203077517
2025-05-10 22:41:04,2.645005043791755,119.63966504423257,84.30148498027725
2025-05-10 23:41:04,5.591632548092736,118.2719126525769,83.96044125344277
2025-05-11 00:41:04,6.787663818196835,117.3732636898884,83.51561402696031
2025-05-11 01:41:04,17.797643937531063,117.54650139946312,83.90237058320142
2025-05-11 02:41:04,6.994028328016855,120.0,88.49573298030433
2025-05-11 03:41:04,6.690424799574986,118.6507896514794,87.46433626309549
2025-05-11 04:41:04,5.195188694632414,119.52092922183279,86.20658973272397
2025-05-11 05:41:04,1.684035999240484,120.0,86.75379015864354
2025-05-11 06:41:04,4.872186056054229,116.43776880522836,86.74468971898342
2025-05-11 07:41:04,6.845432742376081,116.3034542803993,85.86171824455246
2025-05-11 08:41:04,4.116145655327474,118.04714438371812,85.52233459187761
2025-05-11 09:41:04,5.503888834324661,117.82454159984393,81.70540292913118
2025-05-11 10:41:04,6.960398257164511,117.86411319570855,82.41698293714786
2025-05-11 11:41:04,6.869518892762192,119.45340359100412,83.7116009011597
2025-05-11 12:41:04,1.6642810707921196,119.35096805253475,84.09496680456053
2025-05-11 13:41:04,0.16595686440646684,117.43387093923425,82.55795198033911
2025-05-11 14:41:04,6.496025546777432,116.27363139784346,77.26844585840175
2025-05-11 15:41:04,0.7694803170953074,114.30563547854234,77.11904502402992
2025-05-11 16:41:04,5.5363521495541015,109.24891902001664,75.34276167928601
2025-05-11 17:41:04,8.174523062084152,110.33150145734342,75.44511071576252
2025-05-11 18:41:04,5.540138909360696,113.56157758933173,77.39225683461561
2025-05-11 19:41:04,8.606635474026032,112.42393489193337,77.59264269060756
2025-05-11 20:41:04,1.9001557089011745,112.73889683663359,78.12100351010254
2025-05-11 21:41:04,2.9255001512963585,105.26934909217638,77.45620652617465
2025-05-11 22:41:04,8.782365097631894,105.16612143069004,76.68268992126616
2025-05-11 23:41:04,4.3951173790415075,108.23480145761012,77.22927997340638
2025-05-12 00:41:04,11.23526072398832,107.6365438730845,76.48695951929017
2025-05-12 01:41:04,5.510729314649181,109.86034232598026,79.35825341524904
2025-05-12 02:41:04,1.8710284264863841,103.71688501453932,80.96168515032184
2025-05-12 03:41:04,2.0200342210825606,101.15538506377409,79.57418601423453
2025-05-12 04:41:04,4.690871301064048,98.82018977452788,79.94935218543071
2025-05-12 05:41:04,0.32629631259365355,98.56803107774368,79.69570793088369
2025-05-12 06:41:04,0.0,97.88916123442027,77.34123990603655
2025-05-12 07:41:04,21.498502047539993,95.45306820639317,75.67919823322833
2025-05-12 08:41:04,5.059400045514844,102.77960285897511,79.54675820528253
2025-05-12 09:41:04,5.7693912456902865,103.2512300540688,80.49453150626663
2025-05-12 10:41:04,7.352171440686681,103.38398125975161,81.3476988345848
2025-05-12 11:41:04,8.189082356311987,103.5798678515127,80.91864073750124
2025-05-12 12:41:04,4.752987602752407,104.2396495832876,82.05683023068238
2025-05-12 13:41:04,4.374902024649022,105.78400284926774,80.11214829431161
2025-05-12 14:41:04,0.832462190987795,107.88847542938902,79.77140010731156
2025-05-12 15:41:04,7.523816548163786,105.0566937514942,79.45983023666199
2025-05-12 16:41:04,4.144925974924906,108.43386186702843,81.11096493478635
2025-05-12 17:41:04,4.688163067725657,107.73814877971384,80.94718133694461
2025-05-12 18:41:04,3.5311628478083055,105.99496878253458,82.2557413634842
2025-05-12 19:41:04,2.8554551800686223,104.99048075175838,83.3150902178267
2025-05-12 20:41:04,6.212198667645992,102.11489060477969,77.7221761575853
2025-05-12 21:41:04,7.291534097803605,104.27091208415209,78.06801574422462
2025-05-12 22:41:04,5.287034685980587,106.45392905740572,78.52465859985863
2025-05-12 23:41:04,26.334481676960362,104.70626385158006,77.9051175734468
2025-05-13 00:41:04,4.243705032879185,115.67594600053948,83.34873736964131
2025-05-13 01:41:04,3.0828563510439966,112.18016815498491,83.19595259867936
2025-05-13 02:41:04,5.532443494078459,110.96623167318232,82.80833889659785
2025-05-13 03:41:04,2.6609002931440373,112.79693920697837,84.21833328752504
2025-05-13 04:41:04,3.1368900081510978,113.1173722430091,82.75945841101912
2025-05-13 05:41:04,0.0,112.34038159655262,82.45704762098697
2025-05-13 06:41:04,1.3396496660443535,112.17723344025579,81.05059870066927
2025-05-13 07:41:04,4.94859119929742,112.84705827327797,80.39314474614008
2025-05-13 08:41:04,4.745313175503296,104.5721028491567,81.02108555190873
2025-05-13 09:41:04,4.986610431803175,104.41505941415093,80.58101990426591
2025-05-13 10:41:04,4.621515322031797,104.02366900720739,79.88954280446579
2025-05-13 11:41:04,5.987760463728269,102.65834094787994,79.68988699528116
2025-05-13 12:41:04,3.2210569932173168,101.55768000158807,73.58587063131152
2025-05-13 13:41:04,3.571259135721215,100.79171469682053,73.27907621941297
2025-05-13 14:41:04,7.062536416401278,100.38989325235663,73.42559705481614
2025-05-13 15:41:04,5.192175336730184,103.50493036506336,73.88462493151297
2025-05-13 16:41:04,1.8921831820676338,102.33910975934657,74.64400744458882
2025-05-13 17:41:04,3.4059331193256615,101.21273836291792,74.27059539676378
2025-05-13 18:41:04,3.896536189318596,100.57162338871794,75.29237533256148
2025-05-13 19:41:04,6.9796379568909135,100.75431005947307,76.05944128954376
2025-05-13 20:41:04,4.197017837543321,102.81640144788423,76.6687553168218
2025-05-13 21:41:04,2.339502604114765,101.80881103283288,76.5042667154338
2025-05-13 22:41:04,5.5322027811408585,99.33279528598845,75.71013436712728
2025-05-13 23:41:04,2.475200375509639,99.4553793335686,75.98334060486
2025-05-14 00:41:04,6.618896547465179,87.52573868284324,74.92957257839441
2025-05-14 01:41:04,7.598425939461091,88.71333444013624,75.94892444466878
2025-05-14 02:41:04,9.743782491122195,90.97111923434478,77.15707448579073
2025-05-14 03:41:04,2.621157181235707,93.07678873286665,77.96144830820701
2025-05-14 04:41:04,5.782349979100767,93.05691717691249,77.19014286155867
2025-05-14 05:41:04,6.696510245779748,94.37964716238731,78.35719290066861
2025-05-14 06:41:04,3.1099067830912084,97.7279022852772,79.34436603860483
2025-05-14 07:41:04,3.4742148485534763,98.61303084380062,79.10837721673661
2025-05-14 08:41:04,3.4973948485317785,97.87584266842865,78.05675028423539
2025-05-14 09:41:04,5.707133440704828,97.25188350494288,77.84686338753193
2025-05-14 10:41:04,3.8598387641786096,97.61214500939371,78.85715263850894
2025-05-14 11:41:04,1.4640972495375721,97.23130673046711,78.35544343342028
2025-05-14 12:41:04,1.4464963381861167,94.96947512337175,78.05211249562865
2025-05-14 13:41:04,8.843661132326762,94.08219479585617,76.50039243284493
2025-05-14 14:41:04,5.237983526796199,96.71839579415894,76.87396299070463
2025-05-14 15:41:04,3.4164133148312037,95.80611934935641,75.52222330140683
2025-05-14 16:41:04,0.23669441033313865,94.91823833840691,75.76080014148548
2025-05-14 17:41:04,6.150307176437602,94.09049395253967,74.09710347085519
2025-05-14 18:41:04,3.792464679340183,95.46268098109564,73.93324255005254
2025-05-14 19:41:04,4.278105653946051,95.41064522610644,74.13800991892724
2025-05-14 20:41:04,8.92112040247472,94.05987907463401,74.37917716054501
2025-05-14 21:41:04,7.91665490468242,96.42193035709971,76.0062948267279
2025-05-14 22:41:04,5.065831505839229,99.21050650738353,76.66915126592117
2025-05-14 23:41:04,7.031575042781043,98.97732086973272,77.03094908841936
2025-05-15 00:41:04,3.063314415669539,101.25550820336841,78.7011924263924
2025-05-15 01:41:04,5.998073775983926,99.47771713747059,79.18623784963742
2025-05-15 02:41:04,11.875697425077444,98.67754105573201,78.33256164273458
2025-05-15 03:41:04,2.9198127792436064,99.74349852270964,80.32387581221894
2025-05-15 04:41:04,1.59085256619254,99.89282632171359,80.17489565154267
2025-05-15 05:41:04,3.437162451497146,97.79707761525947,80.58114309830049
2025-05-15 06:41:04,7.108037387517811,96.16740371811817,79.76719968081835
2025-05-15 07:41:04,1.9167523553393173,98.16646902033146,80.76187149327164
2025-05-15 08:41:04,1.4616475345380602,97.38773777372438,80.05346550368962
2025-05-15 09:41:04,4.301544013881428,96.36986411672753,77.81562364330863
2025-05-15 10:41:04,6.528094543485343,95.66706940331582,76.73109037606832
2025-05-15 11:41:04,0.0,97.00119729296918,77.16976928736216
2025-05-15 12:41:04,5.4888336500509505,96.26914866820042,75.06029677452784
2025-05-15 13:41:04,3.5773039740919477,98.29031732413281,75.78795254484227
2025-05-15 14:41:04,4.472704773691517,95.6571387450154,75.06172160427468
2025-05-15 15:41:04,1.5069278012592973,95.27449936846307,72.8408238088589
2025-05-15 16:41:04,5.301867470323351,94.31975661167712,72.4169583154636
2025-05-15 17:41:04,4.126517769431146,96.85234314167222,73.53026278670285
2025-05-15 18:41:04,9.555865480145169,95.840448438169,73.73706938208305
2025-05-15 19:41:04,4.445760493930217,98.72214883857148,74.47141780987126
2025-05-15 20:41:04,2.840844399591157,98.80597625856359,75.23012025144853
2025-05-15 21:41:04,6.516465059619865,95.7658382571218,75.64387931096445
2025-05-15 22:41:04,2.721020200480381,95.06574333459054,76.30835562468599
2025-05-15 23:41:04,7.122241757818276,93.8933376819111,75.1662333217845
2025-05-16 00:41:04,6.485427940498227,93.93867103942972,77.30290584912998
2025-05-16 01:41:04,2.383301841470251,95.64972780184407,77.60188413626416
2025-05-16 02:41:04,6.911015478044666,93.84234183458723,77.24368349647766
2025-05-16 03:41:04,5.053772673191796,91.36000086107083,77.9751767077836
2025-05-16 04:41:04,6.007674593542883,92.42698080804493,79.03923016936335
2025-05-16 05:41:04,8.088377250052224,94.6353918217201,79.2509723063292
2025-05-16 06:41:04,4.678160191337879,96.96099922099764,80.43953015051554
2025-05-16 07:41:04,0.0,95.74606062290766,78.97621856387335
2025-05-16 08:41:04,5.227803707773141,94.78768444523801,77.64249041569428
2025-05-16 09:41:04,3.832965857606224,96.67076253185556,78.35857820814888
2025-05-16 10:41:04,6.460241388270173,96.43647345371795,77.55352844754478
2025-05-16 11:41:04,7.592359885409657,96.40254687611038,78.67529480388173
2025-05-16 12:41:04,9.11193757150887,100.1987268188152,78.81633024215914
2025-05-16 13:41:04,2.511332313076369,102.01027877954417,79.60428313146232
2025-05-16 14:41:04,0.5809421793154212,101.47729294903638,79.64269227294416
2025-05-16 15:41:04,10.039945998071563,99.53141165184832,77.74367028332539
2025-05-16 16:41:04,1.659981187443036,103.79792075025443,79.23952228078932
2025-05-16 17:41:04,8.448262512099905,101.97697760881428,77.93521425895936
2025-05-16 18:41:04,3.182033040519804,104.13784998014867,78.04317983757367
2025-05-16 19:41:04,6.417042678878488,100.95093376033599,77.59434169232824
2025-05-16 20:41:04,1.73389236105892,101.93657485281012,79.5194544959918
2025-05-16 21:41:04,5.711676685377643,101.38309883354401,78.47128109197753
2025-05-16 22:41:04,8.067534960218085,100.9807046464229,79.03489434030895
2025-05-16 23:41:04,4.785236265343767,103.65396202629174,79.51708241189333
2025-05-17 00:41:04,9.738197718558094,102.48545928005449,78.67494532587357
2025-05-17 01:41:04,6.692018289367713,104.11184416908442,78.86282336998833
2025-05-17 02:41:04,6.030077670356089,106.26620239303315,80.11702916287574
2025-05-17 03:41:04,0.7000878292818874,105.82573348918886,81.75176981018794
2025-05-17 04:41:04,2.9239073665465436,103.6488910672339,78.94981235955103
2025-05-17 05:41:04,8.476082510536875,102.10700745373575,79.32899021328208
2025-05-17 06:41:04,13.459424117787343,102.30086008397808,79.33733621281317
2025-05-17 07:41:04,4.320699964345482,106.6914920472028,82.42055353599343
2025-05-17 08:41:04,1.4446714931188716,108.85184202937555,81.79165072163353
2025-05-17 09:41:04,0.9648451733743574,106.96027592204842,81.70488446125151
2025-05-17 10:41:04,3.248023476069063,105.52621557993248,80.28083500765054
2025-05-17 11:41:04,7.600443742092117,103.92010662383193,78.83498156240583
2025-05-17 12:41:04,6.836991945114489,103.92414855217316,79.67954380543033
2025-05-17 13:41:04,2.335272615650468,102.78667573897596,78.80918207339725
2025-05-17 14:41:04,5.913011158616168,102.69864589026301,77.50215837128208
2025-05-17 15:41:04,19.14152653751495,105.36468037991338,77.4670384177601
2025-05-17 16:41:04,9.911929131508792,109.91547064963508,82.99947003023001
2025-05-17 17:41:04,3.386866702303341,114.04144462166796,85.09587655971869
2025-05-17 18:41:04,2.857760048071205,111.51074671676967,83.56911181724863
2025-05-17 19:41:04,5.483908429827938,111.34861022054538,80.38861259633379
2025-05-17 20:41:04,5.0165669311139744,110.88204309602011,80.73757513597853
2025-05-17 21:41:04,8.800558214440287,112.52338038104763,81.80914376737707
2025-05-17 22:41:04,4.634092965051093,114.06782114557896,84.15985767969684
2025-05-17 23:41:04,6.396649488792815,112.35110014799544,84.57567852639144
2025-05-18 00:41:04,18.516274212856196,113.15680675971996,84.21454025040165
2025-05-18 01:41:04,4.707774453282844,117.54584500686902,87.71832493072417
2025-05-18 02:41:04,9.236621350703158,116.55372308882659,88.43007548201388
2025-05-18 03:41:04,0.0,118.15699492900012,89.42715853963998
2025-05-18 04:41:04,9.381839955885074,117.80695101435917,83.6847005783855
2025-05-18 05:41:04,3.6240100717685064,120.0,83.52567382569838
2025-05-18 06:41:04,4.522250027671681,118.60988108964426,83.59681683653793
2025-05-18 07:41:04,3.298032288721716,114.14129404458643,84.09616383041806
2025-05-18 08:41:04,5.70459893683238,113.62996020677456,83.4404009880862
2025-05-18 09:41:04,0.0,115.75992392863131,83.64681058980173
2025-05-18 10:41:04,5.190051032886532,115.27750134194413,81.00664312546965
2025-05-18 11:41:04,6.450269468984321,116.24851512035288,81.17343054582027
2025-05-18 12:41:04,7.023534261764017,115.67342798379897,81.18951653987773
2025-05-18 13:41:04,5.804158926689599,115.76669914212371,77.74169455455007
2025-05-18 14:41:04,5.564423204065792,117.50114229764328,78.0706098965721
2025-05-18 15:41:04,4.225912682683831,117.32684832036811,76.96895045258088
2025-05-18 16:41:04,10.013799417415285,109.86904139295255,78.23672425738604
2025-05-18 17:41:04,2.094339921284241,109.91997653590579,78.4263120958451
2025-05-18 18:41:04,7.492051573608375,109.27371314539623,77.96741105069981
2025-05-18 19:41:04,2.5004985490818195,111.59085890816482,78.85835151448083
2025-05-18 20:41:04,3.5100779355816467,110.09915396779175,78.61909139258886
2025-05-18 21:41:04,3.0607344061939648,109.34590947002559,77.96073509221364
2025-05-18 22:41:04,6.2588568513381695,106.47599756590245,78.87895541407183
2025-05-18 23:41:04,3.5802165115340374,107.28837950904598,79.19959715960732
2025-05-19 00:41:04,2.0724577450226223,105.8801630204166,78.33858127237224
2025-05-19 01:41:04,4.434833938532946,97.65825478649981,76.85325831734981
2025-05-19 02:41:04,6.899104056760237,97.52178452912486,76.44246082090282
2025-05-19 03:41:04,7.963871602103997,96.3530258821534,76.84286507671115
2025-05-19 04:41:04,6.728285076107956,100.33496168320539,77.9642527525372
2025-05-19 05:41:04,1.2400555349419973,99.00818424331683,76.978598450145
2025-05-19 06:41:04,9.09250626089693,97.81620697490357,76.72231313424233
2025-05-19 07:41:04,4.321596567291465,100.1013350915162,77.2024495404289
2025-05-19 08:41:04,4.949098818138697,100.61311723080107,77.74877894589179
2025-05-19 09:41:04,1.5841471276501073,100.23536717145423,78.1804852106589
2025-05-19 10:41:04,28.807216189445686,101.02744073527928,77.73750902709574
2025-05-19 11:41:04,4.189586489978085,112.83602331355887,84.502016828528
2025-05-19 12:41:04,5.903798404963577,111.70568182405576,84.68482782206121
2025-05-19 13:41:04,0.0,111.14581389565554,85.8342300200435
2025-05-19 14:41:04,6.985830270376752,108.24373443231073,84.50377983848361
2025-05-19 15:41:04,4.811880288729113,108.95443796546621,84.52979770256857
2025-05-19 16:41:04,4.0477429658812785,109.24742176848885,83.5842003085561
2025-05-19 17:41:04,2.959460418030785,106.26439354272185,82.7800376754881
2025-05-19 18:41:04,2.7507617353044225,106.69695379109511,83.29585914041475
2025-05-19 19:41:04,3.522146526834171,104.32630887194316,81.393335782737
2025-05-19 20:41:04,6.915082020740506,104.83713286081932,81.1535007705998
2025-05-19 21:41:04,3.97620500705223,106.53963490339876,81.74329573138034
2025-05-19 22:41:04,4.02260819937779,106.9973702038279,82.46091309520098
2025-05-19 23:41:04,1.9042865335858945,105.8792458778477,75.02553069818062
2025-05-20 00:41:04,5.145321172819789,105.04128088887363,74.33994071126295
2025-05-20 01:41:04,5.540300724100593,106.57771260277221,74.11239754161983
2025-05-20 02:41:04,3.248807913997336,107.13044599555603,75.77448775885
2025-05-20 03:41:04,12.629205781145954,105.30529792417458,74.65338105193618
2025-05-20 04:41:04,11.526084289674593,107.63796501369555,76.99857869966122
2025-05-20 05:41:04,5.4688341937924525,110.03686462047888,79.24208109679921
2025-05-20 06:41:04,0.0,112.1512539499041,79.99489322952772
2025-05-20 07:41:04,6.3346707220166465,107.60500081945564,79.1696647089364
2025-05-20 08:41:04,4.781859872079723,108.61153789681822,80.01342196749113
2025-05-20 09:41:04,5.539702724034562,108.52791842378875,79.3734553228929
2025-05-20 10:41:04,6.987466357060663,110.50569622198097,79.8425046379876
2025-05-20 11:41:04,6.2468257387222845,99.59582130578848,80.73196208529247
2025-05-20 12:41:04,4.3840185123994715,100.62444093016057,82.03472384683337
2025-05-20 13:41:04,6.6009511130809955,99.86455098387852,81.80633304870727
2025-05-20 14:41:04,2.0461676264696527,103.165026540419,82.1245281654014
2025-05-20 15:41:04,4.712014591404345,100.69519521846546,81.7637360791431
2025-05-20 16:41:04,2.399465996408238,100.64526236980306,79.38857872222061
2025-05-20 17:41:04,2.73627445255888,99.82112388506656,76.65059323424072
2025-05-20 18:41:04,0.0,99.70953090233058,75.83082531187064
2025-05-20 19:41:04,6.291495285433074,98.33415003467837,75.83082531187064
2025-05-20 20:41:04,3.792632445462326,99.71882441397781,75.81787268089556
2025-05-20 21:41:04,5.017585978471515,98.15759962633874,75.52110445291035
2025-05-20 22:41:04,3.0411100182134203,98.67829011204839,75.36446942924144
2025-05-20 23:41:04,0.8930821809706257,98.18754102146619,74.18056252758726
2025-05-21 00:41:04,7.342367796685682,97.68193884515856,72.57443946026176
2025-05-21 01:41:04,5.627371583280739,98.7804621570915,73.46194424554763
2025-05-21 02:41:04,1.2156314493717257,98.82399758668157,73.16987038660756
2025-05-21 03:41:04,7.304605291432015,97.80740935436879,72.92070953347817
2025-05-21 04:41:04,4.901440715788203,95.14510910951181,73.69848674348647
2025-05-21 05:41:04,9.249971171586854,91.8327873225686,74.44907915930045
2025-05-21 06:41:04,2.860461935119005,93.72335581146581,76.40318817500885
2025-05-21 07:41:04,0.9624352477816073,95.15358677902532,77.26132675554456
2025-05-21 08:41:04,1.2778782182386421,92.4674690419078,75.66260874424911
2025-05-21 09:41:04,2.166794108820416,90.71547821498726,74.908182476082
2025-05-21 10:41:04,7.667122866410421,89.02902390738018,74.05294491518669
2025-05-21 11:41:04,4.9677213108329275,89.36885216205508,75.44074876964578
2025-05-21 12:41:04,8.226294991644952,88.7292999481104,76.66314050860447
2025-05-21 13:41:04,4.24540320189847,90.65043818773313,76.92831866709226
2025-05-21 14:41:04,18.25038247057273,89.47266423214188,76.51372815267757
2025-05-21 15:41:04,5.704378789331582,97.57477165419341,81.62415345903787
2025-05-21 16:41:04,3.5932237302976806,98.07095375315703,81.14408550840774
2025-05-21 17:41:04,6.6196607295497465,98.66783262010175,80.75162041276059
2025-05-21 18:41:04,5.420381061272867,100.60952575859719,79.96252728014946
2025-05-21 19:41:04,3.042770067080328,103.31971628923361,80.73050301799562
2025-05-21 20:41:04,4.861610184000806,101.69535368005725,81.35460346378522
2025-05-21 21:41:04,7.117347988419807,102.22984254932649,82.42972305351388
2025-05-21 22:41:04,5.828517218851362,103.27972355430063,83.91488921739369
2025-05-21 23:41:04,9.092995643330708,104.6734271546196,83.36330752312598
2025-05-22 00:41:04,2.564525109340607,108.77338388579965,84.60088982287532
2025-05-22 01:41:04,33.37422860173017,106.3844625421271,82.90235885818402
2025-05-22 02:41:04,3.8083195048837712,120.0,91.64100647813352
2025-05-22 03:41:04,4.507778987135708,120.0,87.30838758842683
2025-05-22 04:41:04,27.645467020338476,120.0,86.94940764776806
2025-05-22 05:41:04,2.6030254350242177,120.0,94.16508063478031
2025-05-22 06:41:04,2.9830111072851433,120.0,92.96009004642264
2025-05-22 07:41:04,2.2540529071923903,120.0,92.22887906022632
2025-05-22 08:41:04,6.253769227558321,120.0,91.99226391225994
2025-05-22 09:41:04,5.687192690589329,120.0,92.4099116253272
2025-05-22 10:41:04,7.020950725923648,120.0,91.98086503597806
2025-05-22 11:41:04,3.0902082397798463,120.0,92.33859508809974
2025-05-22 12:41:04,1.2608717422892646,120.0,90.53775886703448
2025-05-22 13:41:04,3.7822440736636658,120.0,90.14666285691908
2025-05-22 14:41:04,3.381116069017147,120.0,81.26906749849913
2025-05-22 15:41:04,2.8555787604769995,120.0,81.14090646773914
2025-05-22 16:41:04,4.945311199565282,119.32442341251598,80.64524639974154
2025-05-22 17:41:04,5.016472940738246,120.0,73.83519965350958
2025-05-22 18:41:04,5.790219210694803,119.19887325274404,74.55923390522378
2025-05-22 19:41:04,1.1448816843495195,119.38379232745501,75.40139633624668
2025-05-22 20:41:04,7.187174618362668,118.4348481360896,75.06864496939382
2025-05-22 21:41:04,5.105087094145526,119.59763035327053,75.34866658663512
2025-05-22 22:41:04,6.126176912099648,118.59149990613341,75.17403490770198
2025-05-22 23:41:04,5.431325051014795,118.74032975275755,74.90560276355478
2025-05-23 00:41:04,0.5631514654327541,116.90949445659959,75.60793780692526
2025-05-23 01:41:04,3.925878022417801,115.90880763464565,75.39862172386832
2025-05-23 02:41:04,2.3921754738308905,101.1846323449895,75.44171190849455
2025-05-23 03:41:04,2.9746287655943537,100.47656032946304,75.14502972993868
2025-05-23 04:41:04,7.468743918694345,99.70998521869237,75.18074473147388
2025-05-23 05:41:04,6.008214354695275,89.62162366787032,75.9377745472126
2025-05-23 06:41:04,5.6387599072115036,91.32421812770583,76.23529697139972
2025-05-23 07:41:04,1.7331533076418393,92.65209252766903,76.18985918035472
2025-05-23 08:41:04,3.031487453191607,92.39164272789374,76.36634066734243
2025-05-23 09:41:04,2.7637524212083155,90.78050184071037,75.1196345177911
2025-05-23 10:41:04,5.518126847767636,89.31878170601988,74.41723411590993
2025-05-23 11:41:04,2.27514382101258,88.56736976694185,74.23481909661034
2025-05-23 12:41:04,5.169770841617067,88.15983755755822,73.28796472760968
2025-05-23 13:41:04,3.8994424020309895,90.11428710722211,74.66995054046497
2025-05-23 14:41:04,4.415416426000246,90.17288627140579,74.66201985434893
2025-05-23 15:41:04,3.6174578002814997,90.69003644989733,75.26899213999972
2025-05-23 16:41:04,7.865950507604447,91.07097596979958,75.46184085040588
2025-05-23 17:41:04,4.958552532946423,92.53129562381918,75.5810028270789
2025-05-23 18:41:04,4.443929614195625,92.50233541992327,75.26610428055425
2025-05-23 19:41:04,0.0,91.82919062167369,74.90765519264949
2025-05-23 20:41:04,3.625820605054596,91.25674977949893,74.38770920035692
2025-05-23 21:41:04,6.736024554607949,89.47607277284489,74.56600914591583
2025-05-23 22:41:04,5.0124023118704635,90.2915415030761,75.75769078593572
2025-05-23 23:41:04,6.316958309954287,89.73465420296151,75.60597342516657
2025-05-24 00:41:04,3.9574811328768527,90.17747083243125,76.81851777184909
2025-05-24 01:41:04,7.349453086040706,91.8746356661533,76.45483085922702
2025-05-24 02:41:04,4.069982573842473,93.58642319796476,77.48983406442993
2025-05-24 03:41:04,3.731382049368317,94.42532674797054,77.38620390878259
2025-05-24 04:41:04,4.732627623153547,94.80370338985753,77.42038118350864
2025-05-24 05:41:04,3.6452511736678694,93.43564524208712,76.48038431817338
2025-05-24 06:41:04,4.457150665982559,92.25416365157342,76.0863939103898
2025-05-24 07:41:04,1.5303279009267723,91.66335903095894,76.09036022592588
2025-05-24 08:41:04,5.020045539564554,91.56194632760142,76.54945859620392
2025-05-24 09:41:04,5.470636467776667,92.55622537078789,76.96772607655691
2025-05-24 10:41:04,3.603822817155527,93.90966739407207,76.58810965050752
2025-05-24 11:41:04,4.705189310016845,92.95251537876601,76.16553580209305
2025-05-24 12:41:04,3.7372231375612923,94.16753812326814,75.6820051021118
2025-05-24 13:41:04,3.6282655739205176,93.45126427124026,75.61592770351714
2025-05-24 14:41:04,6.683397287069187,93.31567585718503,74.49957144988107
2025-05-24 15:41:04,17.77989827942809,94.44966628771948,75.2835958638491
2025-05-24 16:41:04,6.025495718101828,101.53088652729278,79.49815073286703
2025-05-24 17:41:04,0.0,100.61065913254146,79.88601116135152
2025-05-24 18:41:04,4.649158697858419,98.13138286606826,78.79243580925115
2025-05-24 19:41:04,6.673362751993583,98.23399740789965,78.8500382188139
2025-05-24 20:41:04,7.105583366779221,101.57067878389644,80.39294867413395
2025-05-24 21:41:04,5.736751673847227,103.31056016475877,81.01861002229835
2025-05-24 22:41:04,7.235212372941402,102.8109237243784,81.09844458411952
2025-05-24 23:41:04,9.528962422921225,103.92232875491388,82.18786145085528
2025-05-25 00:41:04,7.792134522150396,105.52833081139735,83.6349933847266
2025-05-25 01:41:04,4.525874034498151,107.44565750603411,84.85146680010332
2025-05-25 02:41:04,7.166810432692695,106.03386798026283,85.12074933827662
2025-05-25 03:41:04,5.482008207204652,107.58228190968795,85.26577328196367
2025-05-25 04:41:04,6.538934626181576,108.4575949886061,81.57640626029664
2025-05-25 05:41:04,7.465395193893057,109.36074849012012,81.73043793272056
2025-05-25 06:41:04,6.189543633219936,111.2708205002327,83.97005649088848
2025-05-25 07:41:04,6.142158492154595,112.13701698385141,84.43217197149694
2025-05-25 08:41:04,6.71500519370854,114.44293227946532,84.27281069354524
2025-05-25 09:41:04,5.7910122225586385,115.29041210653732,84.15563724162404
2025-05-25 10:41:04,2.5033291088083045,115.4505999839283,84.17191540623746
2025-05-25 11:41:04,4.666771074849621,114.9003531297547,82.75235042699752
2025-05-25 12:41:04,6.27797631596138,114.88114401217109,81.29369302257604
2025-05-25 13:41:04,5.409366929929035,116.15152060137113,80.83944556071934
2025-05-25 14:41:04,13.83325375866984,117.04207127937539,81.10449342934861
2025-05-25 15:41:04,5.885666547498576,120.0,83.10442642714175
2025-05-25 16:41:04,5.939085626919496,114.66988364921095,83.22552392922992
2025-05-25 17:41:04,5.773567666038391,114.62667860361978,83.0455692294513
2025-05-25 18:41:04,6.750679335347225,117.51346243663897,82.53802097109491
2025-05-25 19:41:04,2.0709493472506653,118.56422275538338,82.70636168173309
2025-05-25 20:41:04,9.019933893050933,116.26301605301192,81.48499893826191
2025-05-25 21:41:04,4.278467833968111,117.22019131614778,82.17647754806464
2025-05-25 22:41:04,7.124269271824613,116.49104939620821,81.72271423148747
2025-05-25 23:41:04,2.1750957472736987,116.4355778456498,83.10899628039238
2025-05-26 00:41:04,2.1965200182878535,112.75864450782605,82.36149368211959
2025-05-26 01:41:04,7.019522072839179,109.96083725589479,81.13705679281753
2025-05-26 02:41:04,7.91056514296256,111.2076612750653,81.62010333569057
2025-05-26 03:41:04,1.0690813767612868,111.57953863020023,79.8432967509784
2025-05-26 04:41:04,6.004794319489096,109.37307521497856,78.3983211997572
2025-05-26 05:41:04,6.238355970078917,109.10600506163232,78.41803380752808
2025-05-26 06:41:04,2.7208153079177455,108.49248544972525,78.55747029874024
2025-05-26 07:41:04,2.9041429484569754,106.75812128707415,77.3485110905114
2025-05-26 08:41:04,6.074294008103727,105.13911351522533,77.59846917087329
2025-05-26 09:41:04,4.5696458599513585,104.81875792242293,76.71477720538913
2025-05-26 10:41:04,6.969132835905882,104.20807474111929,76.8021306131841
2025-05-26 11:41:04,4.500200771045598,106.4409766046681,76.75558968240848
2025-05-26 12:41:04,8.320172144477107,106.35769145276608,77.45312118954006
2025-05-26 13:41:04,5.079574803788569,107.37878936702393,79.29021682739683
2025-05-26 14:41:04,1.4324541348149888,107.21389330395371,78.70823264668164
2025-05-26 15:41:04,5.096973078243341,101.01349349202629,76.76479934423737
2025-05-26 16:41:04,8.047584876838954,100.61914675739867,77.97316685468199
2025-05-26 17:41:04,9.648284736934023,101.67339638235839,78.58600402188695
2025-05-26 18:41:04,5.023152207611652,103.6107549178062,79.60898265194348
2025-05-26 19:41:04,0.0,102.74699135393841,80.29968372185165
2025-05-26 20:41:04,5.651570803814315,101.71151668031308,79.42844083731455
2025-05-26 21:41:04,6.12090427686291,100.02733513569477,79.30162387602773
2025-05-26 22:41:04,5.580708427814365,100.94855335714217,79.7670014011012
2025-05-26 23:41:04,1.8311513339668157,100.17677293513705,79.35047407867374
2025-05-27 00:41:04,10.096855165896175,100.00480072848362,78.54975924755011
2025-05-27 01:41:04,9.45821246625604,103.95496830228777,79.08276415397583
2025-05-27 02:41:04,3.2241915741196783,105.1743134989962,80.39635545271607
2025-05-27 03:41:04,1.9406428958772581,102.83112671457474,80.93387668450748
2025-05-27 04:41:04,1.9143247510244532,103.26690747413275,79.98697762979765
2025-05-27 05:41:04,4.400264018652539,101.2216726899004,78.1469995920533
2025-05-27 06:41:04,5.990700701176234,100.30262671418723,76.57259337656886
2025-05-27 07:41:04,0.37079755375855394,101.93756941081648,76.86285792463823
2025-05-27 08:41:04,3.4367399932780005,100.67089671346727,76.9740971907658
2025-05-27 09:41:04,5.508258971229432,99.3521197060544,76.30964794760492
2025-05-27 10:41:04,7.542485438355017,99.82142626169343,76.12585435591487
2025-05-27 11:41:04,5.482450614574023,100.108102562918,76.71438745907706
2025-05-27 12:41:04,0.0,100.59922748468222,77.80977724325922
2025-05-27 13:41:04,4.917791450107723,96.43914141244366,74.78072069349037
2025-05-27 14:41:04,6.225022705980353,96.35824973560324,73.41859438864587
2025-05-27 15:41:04,2.4188511944799,98.75453402118592,74.31884372820407
2025-05-27 16:41:04,6.3596512620828225,97.4154730793042,74.46230621778486
2025-05-27 17:41:04,8.209265515296721,96.57150627192614,75.79590417110238
2025-05-27 18:41:04,4.518007815934094,95.8519966611075,76.93860462009563
2025-05-27 19:41:04,6.078653165455357,95.59942446526873,76.49679675452299
2025-05-27 20:41:04,4.510231839881313,98.6387510479964,78.20915343803203
2025-05-27 21:41:04,3.830752816788486,98.06808156602989,78.53120099201303
2025-05-27 22:41:04,7.475348272686253,96.92300583599268,78.02794914568074
2025-05-27 23:41:04,5.7322112553355264,97.8703257584286,78.00780799598012
2025-05-28 00:41:04,8.371955748499724,99.82085571911298,78.08273618820857
2025-05-28 01:41:04,6.713361615658766,98.95840601041475,80.59432291275849
2025-05-28 02:41:04,9.333485476716579,97.58598058511612,81.1329939624238
2025-05-28 03:41:04,5.001041377742577,100.64062753641456,82.06553279364466
2025-05-28 04:41:04,7.380095810108283,102.17082677734722,82.84018984862347
2025-05-28 05:41:04,4.876394655695506,104.90371230688913,83.14632321303111
2025-05-28 06:41:04,6.503436387805753,105.14177762541064,82.14646195515074
2025-05-28 07:41:04,15.20430422255113,105.39814546872539,82.74209052671223
2025-05-28 08:41:04,8.757255710361587,112.81489880312168,85.47978584384096
2025-05-28 09:41:04,5.695717183815522,115.47515666166346,86.75389300498504
2025-05-28 10:41:04,3.94623863725276,115.56888576795652,87.31338231509315
2025-05-28 11:41:04,3.8638757151208947,113.77076236740538,86.25464942446311
2025-05-28 12:41:04,3.602088871440099,112.96147491767881,85.69414876239873
2025-05-28 13:41:04,5.594973503809929,114.76251935339886,84.26318869928085
2025-05-28 14:41:04,5.748066295083482,115.10111038024996,83.92767226572619
2025-05-28 15:41:04,1.7231188694009907,114.86263217480152,82.85204651123625
2025-05-28 16:41:04,1.8240014978301944,114.51476601226207,81.86866975873377
2025-05-28 17:41:04,1.9860263617721112,112.24694113013577,80.20184146505036
2025-05-28 18:41:04,6.2899288263444975,109.13532155337344,79.33473097687333
2025-05-28 19:41:04,10.246477639082702,110.02128205857865,79.27067870843496
2025-05-28 20:41:04,3.373429736381839,112.10519429539232,77.78333073339442
2025-05-28 21:41:04,7.431639777069177,111.53679324364259,76.16818294120051
2025-05-28 22:41:04,6.400385284426644,113.33723672378292,76.68895971917661
2025-05-28 23:41:04,5.749680112434044,112.79975522965313,77.42520371332877
2025-05-29 00:41:04,7.02484758628835,112.80848965820239,77.99094503252272
2025-05-29 01:41:04,3.8509536959043094,112.13493557709671,79.01777264697719
2025-05-29 02:41:04,0.4415201077040237,110.70373161721947,78.4945667046055
2025-05-29 03:41:04,7.5238601003618815,106.25774893271321,76.90260284839167
2025-05-29 04:41:04,24.169024891709483,107.51915829402284,78.64282521767993
2025-05-29 05:41:04,1.083763945483342,115.91362283482346,85.34633223584372
2025-05-29 06:41:04,1.6158223222486423,114.01730747971739,85.07565351095708
2025-05-29 07:41:04,2.525113803400906,111.57350044693884,83.67342155972833
2025-05-29 08:41:04,5.269455739896221,105.23390523736371,81.3570124090238
2025-05-29 09:41:04,4.820968099037059,103.49000525213103,81.9258202100781
2025-05-29 10:41:04,3.814521024584636,103.05263070974179,81.14261870666847
2025-05-29 11:41:04,4.885731534892077,102.98677190340774,80.36685942871587
2025-05-29 12:41:04,3.3652856242030893,103.49769981329331,80.10767485545328
2025-05-29 13:41:04,4.917152038148014,103.37929818967481,79.0098062668277
2025-05-29 14:41:04,2.477868524213121,103.04038745684386,79.32966576950082
2025-05-29 15:41:04,0.34060557478028664,101.40528857140868,79.94057029445354
2025-05-29 16:41:04,5.338721151142128,100.71403192409832,77.78559393677907
2025-05-29 17:41:04,6.474050572178638,102.47139175075428,72.13650281460886
2025-05-29 18:41:04,3.0311046210360755,104.71540385595755,73.75358880261744
2025-05-29 19:41:04,1.1085976842653478,103.08599175330335,74.17817349225368
2025-05-29 20:41:04,0.0,98.51705177589467,73.75321865651301
2025-05-29 21:41:04,6.332258055198945,96.83033690770374,72.17238193454415
2025-05-29 22:41:04,1.749779840727765,96.28064604676862,72.6257689213927
2025-05-29 23:41:04,5.04372200311331,93.9553433249192,72.00634656623565
2025-05-30 00:41:04,3.8629994789812057,93.60236427025885,72.05374370670202
2025-05-30 01:41:04,5.650982147934876,92.02144021660527,72.20305786313546
2025-05-30 02:41:04,7.229361217242033,92.92145444262054,72.4232068960715
2025-05-30 03:41:04,5.324213909142439,96.31537499738954,73.84865470398019
2025-05-30 04:41:04,4.648114422578083,95.21555190177983,75.34373720428883
2025-05-30 05:41:04,6.287549244379925,85.45509666721412,75.13655518571962
2025-05-30 06:41:04,1.728202389601775,88.05698931666241,75.08060478738
2025-05-30 07:41:04,0.0,88.11317935033898,74.68973411794971
2025-05-30 08:41:04,1.7414119876679273,86.85062244863855,74.3571548126701
2025-05-30 09:41:04,4.247266911334751,85.08660057252439,74.87957840897049
2025-05-30 10:41:04,3.8997447518319,84.79974997867322,74.25408106581122
2025-05-30 11:41:04,4.219064978991824,84.84236184229687,74.89907053914247
2025-05-30 12:41:04,6.937967958780363,84.50902856434672,74.65167343190602
2025-05-30 13:41:04,5.3450011210423645,86.29536973163538,75.57416397584576
2025-05-30 14:41:04,8.479565024397163,86.50929427308253,75.48236966777802
2025-05-30 15:41:04,7.543988004666231,89.51014252317455,75.85743080992455
2025-05-30 16:41:04,3.4609441326842005,93.11183373811753,76.52336303858169
2025-05-30 17:41:04,2.5419313051146055,92.17294522888857,76.16721195161352
2025-05-30 18:41:04,4.786538256386562,90.20688559535654,75.04352656983393
2025-05-30 19:41:04,28.13265890594752,91.0846024130318,75.96102732986937
2025-05-30 20:41:04,5.327134189462183,104.59663302387288,84.40082500165363
2025-05-30 21:41:04,3.793188218184521,107.26020011860398,85.47654166219189
2025-05-30 22:41:04,4.1796215847985865,105.99066520009676,85.34031805424684
2025-05-30 23:41:04,4.970424928896915,107.20558607213218,85.42428110413684
2025-05-31 00:41:04,3.2520418290683484,107.16893753502399,85.64968908910836
2025-05-31 01:41:04,6.290836699891338,106.86345871006756,84.54391125019475
2025-05-31 02:41:04,7.537807133626283,107.18338598604579,84.82766192384946
2025-05-31 03:41:04,4.863299605139394,107.33760894423791,84.5451345566182
2025-05-31 04:41:04,4.686736654982247,107.10715179223638,83.74092803676014
2025-05-31 05:41:04,14.423608445964067,107.12646290843847,84.10866579344955
2025-05-31 06:41:04,1.4783972063961892,111.19449250923054,87.67316893570438
2025-05-31 07:41:04,5.811135395210477,111.06958991762774,86.68072662070728
2025-05-31 08:41:04,6.0742370584277605,113.97515761523297,79.98426956748617
2025-05-31 09:41:04,8.220592064326858,116.14157015061289,80.20840042817584
2025-05-31 10:41:04,7.883577527523185,118.12823272710895,81.53662158201854
2025-05-31 11:41:04,2.4370483818423745,120.0,82.64780836483592
2025-05-31 12:41:04,6.68161713645431,119.22914081637987,81.88779540071955
2025-05-31 13:41:04,2.2049247653965116,119.10096540521685,82.91666799293534
2025-05-31 14:41:04,9.615270460235061,117.53092722739392,81.6908944125869
2025-05-31 15:41:04,18.60105287616295,118.09877994531286,82.31413341056953
2025-05-31 16:41:04,3.367730323263042,120.0,86.4354593918766
2025-05-31 17:41:04,11.382325660435848,120.0,86.03975749236083
2025-05-31 18:41:04,2.298498040608336,120.0,85.12737265670236
2025-05-31 19:41:04,0.5617185115063561,120.0,85.37340290696602
2025-05-31 20:41:04,3.4610570149750544,112.97141234890155,83.79857784185478
2025-05-31 21:41:04,6.586050071592078,112.038373761658,83.01462382881897
2025-05-31 22:41:04,7.570489542691787,113.4348046883618,82.52426123099853
2025-05-31 23:41:04,5.898849596497197,115.13023866730838,82.43033483554912
2025-06-01 00:41:04,3.4971465923960032,115.59445100110854,83.46887519994556
2025-06-01 01:41:04,5.155325642084395,115.71700338277236,82.51353403672806
2025-06-01 02:41:04,8.880340318637522,115.14924785386889,83.39865429973443
2025-06-01 03:41:04,5.471380537385803,115.82051444637452,83.17817525725516
2025-06-01 04:41:04,7.496252580488543,116.12455491249773,79.23927355562202
2025-06-01 05:41:04,8.12046331210846,117.52931287525087,80.47783023278967
2025-06-01 06:41:04,4.149887892892587,114.37774030832306,79.49927152829146
2025-06-01 07:41:04,2.4402397014330273,115.71348565157126,80.05468848397673
2025-06-01 08:41:04,4.72462384882114,114.02803780468253,80.61824484095474
2025-06-01 09:41:04,4.964872879587248,113.35323119987923,80.99731489110856
2025-06-01 10:41:04,4.720768334111492,111.72537160750943,80.51096173350712
2025-06-01 11:41:04,4.615203321794859,110.14396701080358,79.65604537093303
2025-06-01 12:41:04,4.984694487333999,111.23304448077982,79.27095148852233
2025-06-01 13:41:04,3.7760690749869736,110.38458315621965,79.71721585700372
2025-06-01 14:41:04,1.7296484313843419,111.17015531101488,79.30343888687449
2025-06-01 15:41:04,8.763652095172034,107.22734429658952,77.15823132069853
2025-06-01 16:41:04,6.350160771408606,102.30864390609408,78.14591278803441
2025-06-01 17:41:04,4.935048590239695,103.79985913016685,77.80208524531042
2025-06-01 18:41:04,7.254543543138235,100.57622059506879,76.8464608287498
2025-06-01 19:41:04,2.936457172726632,103.05424334633375,77.77785752382349
2025-06-01 20:41:04,1.9106240878680025,104.24161267694387,77.92672276521158
2025-06-01 21:41:04,7.573559695387033,103.46639621339034,77.08252283692563
2025-06-01 22:41:04,1.3976935935086736,103.96015102528781,77.86512888166557
2025-06-01 23:41:04,4.314761013826856,100.87375305069628,76.86820645948472
2025-06-02 00:41:04,5.350599692397261,100.0817087593611,76.77807376709433
2025-06-02 01:41:04,5.516306955016809,101.00843530936173,76.88784532861331
2025-06-02 02:41:04,5.029655184002561,101.18892596582792,77.40991669262225
2025-06-02 03:41:04,4.877927768692695,99.26358339851043,78.39991871840772
2025-06-02 04:41:04,4.587071228506662,98.96685701416388,77.23420142046392
2025-06-02 05:41:04,8.485593686508283,97.51226633817295,76.70527455759333
2025-06-02 06:41:04,6.534810456343188,97.69483152537285,77.77043808647392
2025-06-02 07:41:04,6.876551963990068,98.88729280709816,77.55451816043539
2025-06-02 08:41:04,0.0,101.10544893837668,78.73654659781442
2025-06-02 09:41:04,9.825772693585632,98.74313701396612,78.16335937145402
2025-06-02 10:41:04,34.24022897812974,101.1735869209653,78.8390232709136
2025-06-02 11:41:04,5.210358101832847,115.93331724297443,88.69178388629993
2025-06-02 12:41:04,8.027548964681685,116.23089463299341,88.96046301270172
2025-06-02 13:41:04,7.464113641582956,117.75232187166725,89.76354779438705
2025-06-02 14:41:04,6.213948926011962,119.59634415496527,90.3478898003569
2025-06-02 15:41:04,5.404155716873108,120.0,90.70317792295972
2025-06-02 16:41:04,4.5612347365018495,120.0,90.86104630741384
2025-06-02 17:41:04,0.0,119.26428319567624,90.85329535981239
2025-06-02 18:41:04,2.1662885854003178,116.79675890055638,88.3076172538599
2025-06-02 19:41:04,5.336296638936973,114.25263142168743,86.99706069257705
2025-06-02 20:41:04,8.89022914411709,115.45255115479257,86.53498409506112
2025-06-02 21:41:04,2.33065759873017,118.94235368291712,89.20205283829625
2025-06-02 22:41:04,4.938777567888421,116.3209026345887,86.95351830983961
2025-06-02 23:41:04,6.770686494606842,118.09144462177856,78.16308288676721
2025-06-03 00:41:04,7.918733985582059,119.31940736216856,78.6311814045994
2025-06-03 01:41:04,4.496331689911651,120.0,78.59853691086953
2025-06-03 02:41:04,3.4167016688897665,120.0,77.70820232536813
2025-06-03 03:41:04,7.848845523736707,119.28701011865199,76.86902814823148
2025-06-03 04:41:04,6.606075080614513,120.0,77.60243509029056
2025-06-03 05:41:04,5.283438152154268,120.0,78.21588719352435
2025-06-03 06:41:04,6.8381579603013565,120.0,79.80091863917063
2025-06-03 07:41:04,8.087986930453733,120.0,81.20247945164094
2025-06-03 08:41:04,7.56214211176095,120.0,82.02798653909596
2025-06-03 09:41:04,0.2472169745582775,120.0,81.62956042938913
2025-06-03 10:41:04,3.4323082826551583,119.93007758662863,81.00452824213755
2025-06-03 11:41:04,4.997197769883007,104.52611723889135,80.55258745656758
2025-06-03 12:41:04,6.684116395942419,104.41953707291643,80.02054083915043
2025-06-03 13:41:04,5.109076992252307,103.74782078854679,79.65015556225853
2025-06-03 14:41:04,0.8404429824490012,102.57030246388146,79.83397915296074
2025-06-03 15:41:04,10.62225033330491,99.88354949209997,79.0611015470285
2025-06-03 16:41:04,5.704262797796544,102.49259680031588,79.89312298989897
2025-06-03 17:41:04,2.911384108366346,103.06411083096322,79.62257930505358
2025-06-03 18:41:04,4.236252609086449,104.51980288514639,78.91096309191721
2025-06-03 19:41:04,3.355000933233365,105.55478489698945,78.13039148655272
2025-06-03 20:41:04,13.981008246072578,104.56413704413765,76.71049568738661
2025-06-03 21:41:04,3.2178737838762927,107.1095265951154,78.6361555276801
2025-06-03 22:41:04,2.6656080930525987,107.55313468768846,79.52735257047551
2025-06-03 23:41:04,0.0,106.41654995027055,79.29734251359474
2025-06-04 00:41:04,1.1796258669516329,103.03120670296713,77.79818318262984
2025-06-04 01:41:04,2.982328648472815,99.66165264365192,76.14683602393261
2025-06-04 02:41:04,5.157052514021883,98.9046511229325,75.50881152079876
2025-06-04 03:41:04,18.260746274879,99.77482654549857,76.80379438027063
2025-06-04 04:41:04,3.0992142695783196,104.9807769210697,79.09534316274285
2025-06-04 05:41:04,2.1541309571037175,103.2273465155516,78.31382860427738
2025-06-04 06:41:04,5.346406634603472,101.66269291802635,78.0866526588986
2025-06-04 07:41:04,6.235507458834516,100.91681725517739,78.4196988665537
2025-06-04 08:41:04,3.5090963749877173,99.99057751936779,79.28385082423405
2025-06-04 09:41:04,5.503261380214173,97.96405465098117,76.14227726290859
2025-06-04 10:41:04,1.7020295661036693,100.59207685380912,76.82789354180996
2025-06-04 11:41:04,18.575198473154202,99.72693749553338,76.53881998372528
2025-06-04 12:41:04,3.8781348327985143,106.51593784716897,82.11137952567154
2025-06-04 13:41:04,4.687044233888291,105.11294706559701,82.9209322154256
2025-06-04 14:41:04,3.754044892071462,104.90193068641501,83.43234689105023
2025-06-04 15:41:04,8.793021308932351,106.35873164122623,83.01144460446511
2025-06-04 16:41:04,7.656473992986355,105.44411712903995,80.17112711468113
2025-06-04 17:41:04,0.0,106.42022272663486,81.53830503170353
2025-06-04 18:41:04,7.9434231804647375,104.96453067245169,80.89206574457242
2025-06-04 19:41:04,5.380052849441355,106.81811595814084,81.6711707083308
2025-06-04 20:41:04,4.68099448166228,107.83064191624482,81.41453432551285
2025-06-04 21:41:04,2.7519311673826503,103.18063503403967,81.76610375751522
2025-06-04 22:41:04,0.0,102.94766372579285,80.94070469366577
2025-06-04 23:41:04,4.2642003962946315,101.61485967926654,80.43009582383466
2025-06-05 00:41:04,1.2981124149739698,103.74695987741386,76.13679640077679
2025-06-05 01:41:04,8.082104140829367,103.80620315142502,75.36278967542943
2025-06-05 02:41:04,1.2970353047356387,106.35609089760331,76.38130764751175
2025-06-05 03:41:04,3.429452571181248,104.42608229296019,75.644204771311
2025-06-05 04:41:04,6.987158958140832,97.01043544111133,74.03513414998567
2025-06-05 05:41:04,8.249840280506715,98.95440778539258,73.83433963953202
2025-06-05 06:41:04,4.082373807790438,102.00226244709408,76.30929172368403
2025-06-05 07:41:04,0.18601673479690994,101.37024603368756,75.15097691188174
2025-06-05 08:41:04,9.921962053220758,98.34550067166876,73.5927660774884
2025-06-05 09:41:04,3.277103092660677,101.55193351078528,75.16505634895594
2025-06-05 10:41:04,8.648651038196473,100.43885436700853,75.32260792653935
2025-06-05 11:41:04,2.530867424024723,103.91216510305493,77.9172032379983
